Index,alpha,beta,gamma,NDCG@20,mAP@20
0,1,0.5,0.5,0.385233983716428,0.232419138861532
1,0.5,0.5,0.5,0.356448214906964,0.207714495075797
2,1,0.5,0,0.385233983716428,0.232419138861532
