Index,alpha,beta,gamma,NDCG@20,mAP@20
0,1,0.5,0.5,0.399558995964981,0.247805274952071
1,0.5,0.5,0.5,0.376790391893434,0.228372859945098
2,1,0.5,0,0.414518276648094,0.268635375144073
